<?xml version="1.0" encoding="UTF-8"?>
<project-private xmlns="http://www.netbeans.org/ns/project-private/1">
    <editor-bookmarks xmlns="http://www.netbeans.org/ns/editor-bookmarks/2" lastBookmarkId="0"/>
    <open-files xmlns="http://www.netbeans.org/ns/projectui-open-files/2">
        <group>
            <file>file:/C:/Users/PKchu/Downloads/lms-master/learning-management-system-master/TeamProjectGUI/src/LMS_Project/viewAllMenu.java</file>
            <file>file:/C:/Users/PKchu/Downloads/lms-master/learning-management-system-master/TeamProjectGUI/src/LMS_Project/student.java</file>
            <file>file:/C:/Users/PKchu/Downloads/lms-master/learning-management-system-master/TeamProjectGUI/src/LMS_Project/admin.java</file>
            <file>file:/C:/Users/PKchu/Downloads/lms-master/learning-management-system-master/TeamProjectGUI/src/LMS_Project/user.java</file>
            <file>file:/C:/Users/PKchu/Downloads/lms-master/learning-management-system-master/TeamProjectGUI/src/LMS_Project/School.java</file>
            <file>file:/C:/Users/PKchu/Downloads/lms-master/learning-management-system-master/TeamProjectGUI/src/LMS_Project/adminMenu.java</file>
            <file>file:/C:/Users/PKchu/Downloads/lms-master/learning-management-system-master/TeamProjectGUI/src/LMS_Project/addStudent.java</file>
            <file>file:/C:/Users/PKchu/Downloads/lms-master/learning-management-system-master/TeamProjectGUI/src/LMS_Project/studentMenu.java</file>
            <file>file:/C:/Users/PKchu/Downloads/lms-master/learning-management-system-master/TeamProjectGUI/src/LMS_Project/course.java</file>
            <file>file:/C:/Users/PKchu/Downloads/lms-master/learning-management-system-master/TeamProjectGUI/src/LMS_Project/LogIn.java</file>
        </group>
    </open-files>
</project-private>
